[{"id":"@s.whatsapp.net","name":"","age":""},{"id":"6285956337454@s.whatsapp.net","name":"","age":""},{"id":"6285775901603@s.whatsapp.net","name":"6285775901603","age":"13","time":"67eff9ba5541b2f959e0"},{"id":"6283844671188@s.whatsapp.net","name":"Kmbil Bolng","age":"claim T8DGT59A","time":"d6f115bcfb15e4205310"},{"id":"62895322420336@s.whatsapp.net","name":"𝐶𝐼𝑂𝑂-𝑂𝐹𝐹𝐶","age":"Xyros,10000","time":"366cfb088a2dd9cc3936"},{"id":"6285138047989@s.whatsapp.net","name":"Neko Nicky","age":"18","time":"73efb29f1e2588b03c76"},{"id":"6289602344245@s.whatsapp.net","name":"∆sraff","age":"14","time":"4ee75d645d9ccb7d8a7f"},{"id":"6283856222681@s.whatsapp.net","name":"卐来|•ʀᴀɴDèKaìzen卐","age":"RanDeKaizen|18","time":"5a737b70a7b602434817"},{"id":"6289529624694@s.whatsapp.net","name":"FallZx Infininty","age":"17","time":"17b6d67290bd11c19a68"},{"id":"6285187387839@s.whatsapp.net","name":"Fall","age":"18","time":"2e9a2c1315ebab5bd279"},{"id":"6285813708397@s.whatsapp.net","name":"FallXd ( FallZx Infinity)","age":"18","time":"053178787b6d968a5ac5"},{"id":"94757188838@s.whatsapp.net","name":"Suki","age":"18","time":"066a0137e952925b6dee"},{"id":"6282327606644@s.whatsapp.net","name":"rapii","age":"14","time":"54dcb4eb94e5abdfa195"},{"id":"6285659189006@s.whatsapp.net","name":"rizkiamaulana69","age":"rizwe,16","time":"45208f8e862b3057631d"},{"id":"6282180639956@s.whatsapp.net","name":"BOT WA FREE BY NUGRAH","age":"16","time":"dcba16949ec5d07a498f"},{"id":"6287815194609@s.whatsapp.net","name":"aryaa","age":"17","time":"05021f4afde6927ec5d0"},{"id":"6288228510203@s.whatsapp.net","name":"type 😀","age":"20","time":"dc1c0b62f3e8736ec112"},{"id":"6288286624778@s.whatsapp.net","name":"vyle","age":"20","time":"9df3d092571a0786cb2b"},{"id":"6281347586041@s.whatsapp.net","name":"A.","age":"\n\n*Jadwal Sholat Hari Ini:*\n- *Fajr*: 04:38\n- *Dhuhr*: 11:53\n- *Asr*: 15:15\n- *Maghrib*: 17:46\n- *Isha*: 19:16\n\n*Informasi Waktu Lainnya:*\n- *Sunrise*: 06:00\n- *Sunset*: 17:46\n- *Imsak*: 04:28\n- *Midnight*: 23:53\n- *Firstthird*: 21:50\n- *Lastthird*: 01:55","time":"59be08baf3fcba30a317"},{"id":"6281327966132@s.whatsapp.net","name":"kzh'x","age":"20","time":"9f20ba225414b6e3b244"},{"id":"62859102862640@s.whatsapp.net","name":"t","age":"yyy","time":"3e1c0638fc5dd6cdd6ee"},{"id":"62838365302387@s.whatsapp.net","name":"Shann-","age":"18","time":"ff081396668dbf379275"},{"id":"6282159566399@s.whatsapp.net","name":"RIZ MD STORE","age":"20","time":"6d27e85e4d8c67d1c097"},{"id":"6281270338500@s.whatsapp.net","name":"Satrio","age":"12","time":"686b3d85bd934083f23a"},{"id":"6288989721627@s.whatsapp.net","name":"manzxy","age":"16","time":"ba04dadae34f1036a66d"},{"id":"6289505166712@s.whatsapp.net","name":"cela","age":"18","time":"268505bd296d40035644"},{"id":"6283829674560@s.whatsapp.net","name":"uyy","age":"18","time":"99c29aabfc28c31c3122"},{"id":"62882022066260@s.whatsapp.net","name":"wannhosting","age":"17","time":"1ff3bb4469f59fe245dd"},{"id":"6285668855211@s.whatsapp.net","name":"dcodeid","age":"17","time":"b053f4fe33d95f49943e"},{"id":"628978050305@s.whatsapp.net","name":"For you","age":"16","time":"49356b6ffefa76907eb6"},{"id":"6283133328750@s.whatsapp.net","name":"ikyyz","age":"15","time":"f232b1442ab9ddf1723b"},{"id":"6282225933801@s.whatsapp.net","name":"anomaliimut","age":"13","time":"a404ff272a2b4852ef1b"},{"id":"6281217616704@s.whatsapp.net","name":"Xavier","age":"14","time":"d6f8b88c145760bf0aed"},{"id":"6281477094099@s.whatsapp.net","name":"?","age":"cek25","time":"85b82386a60ee639a327"},{"id":"6288989079232@s.whatsapp.net","name":"Nawwaf Yafi'","age":"15","time":"2bcfa611eb714a284cec"},{"id":"6287841489287@s.whatsapp.net","name":"tyn","age":"jir, 55","time":"09d7bddd262b35596641"},{"id":"62882007471069@s.whatsapp.net","name":"ADMIN | COINGAMES TOPUP","age":"19","time":"0ed66b391f45bb87661c"},{"id":"6281356963314@s.whatsapp.net","name":"nuze","age":"20","time":"185f22dede073a96fb16"},{"id":"6281912002226@s.whatsapp.net","name":"Fredzz ☭","age":"20","time":"9bccf10839bc4fab9ce6"},{"id":"6287835395069@s.whatsapp.net","name":"Fèdèrico Vâlvèrdè","age":"19","time":"47c5ba9bbc9da8bd6924"},{"id":"6288268382524@s.whatsapp.net","name":"gabriel","age":"nama Gabriel","time":"fc795f63fb58bc099243"},{"id":"6282124763796@s.whatsapp.net","name":"YourAsk💭 | MD","age":"17","time":"eb8b99451467619003e6"},{"id":"6281252360699@s.whatsapp.net","name":"Káii Dravėnzyy","age":"káii | 12","time":"c9921c783b185463a90b"},{"id":"6282125471817@s.whatsapp.net","name":"HANYA ORANG BIASA","age":"20","time":"e181ef6b83c4de3d8ed2"},{"id":"6283121675788@s.whatsapp.net","name":"Adnan","age":"17","time":"c4b845ba6b2ceabbe626"},{"id":"6289515039261@s.whatsapp.net","name":"Counter","age":"20","time":"e36946a37f67fd1af3f1"},{"id":"6287855349593@s.whatsapp.net","name":"𝙕𝙚𝙚𝙒𝙜𝙮 メ 𝙀𝙂𝙎\"","age":"20","time":"66704e463ac077e0bfd7"},{"id":"6285157457750@s.whatsapp.net","name":"S","age":"20","time":"0eeb40cab278d6024146"},{"id":"6289629839900@s.whatsapp.net","name":"Lyznv1000 youu a","age":"12","time":"5993fd44069e8ca0337c"},{"id":"6283833322862@s.whatsapp.net","name":"𝘿𝙃𝙄𝙄𝙄 𝙆𝙐𝙍𝙊𝙎𝘼𝙆𝙄","age":"20","time":"5737c2d55503735f8b86"},{"id":"62895321350805@s.whatsapp.net","name":"rahman","age":" 15","time":"02f633a7a1a3e179f95f"},{"id":"62882007965981@s.whatsapp.net","name":"Elzz","age":"16","time":"b0cf07d2780e6f299c87"},{"id":"6282164987007@s.whatsapp.net","name":"ysmaa rb","age":"17","time":"9403ba023251ba66710e"},{"id":"6285951618272@s.whatsapp.net","name":"rz","age":"18","time":"8e3530116a7e4b60e54f"},{"id":"6285786010966@s.whatsapp.net","name":"adeknya flado","age":"20","time":"3e23feed813fd6122d8b"},{"id":"6287864218280@s.whatsapp.net","name":"fahmi","age":"14","time":"0a98c5962ff0e1660538"},{"id":"6285812248650@s.whatsapp.net","name":"Kizhoo Bot","age":"17","time":"d260a62b539360de171d"},{"id":"6283151126567@s.whatsapp.net","name":"Anugrah","age":"15","time":"00c28b0156a19ab59f48"},{"id":"6285931140970@s.whatsapp.net","name":"lea pacar idan.","age":"20","time":"692c23dec5ed5adf814f"},{"id":"6283186078036@s.whatsapp.net","name":"setbotname langzz official","age":"20","time":"e42383ff1940e1f4fb54"},{"id":"6281919039176@s.whatsapp.net","name":"dyo","age":"bimzy","time":"6785fc14b63e3e02d2ee"},{"id":"6285791368765@s.whatsapp.net","name":"f shop","age":"hwhehehe,13","time":"29775c1e21f98fda5c2b"},{"id":"6285861074525@s.whatsapp.net","name":"Rapiii X Zero","age":"14","time":"054b90072bf25ba4d73a"},{"id":"6285282836031@s.whatsapp.net","name":"anemound lauwt","age":"tirta,18","time":"64b6ca55a1475510c3f1"},{"id":"6282132536380@s.whatsapp.net","name":"ᴅᴀᴠᴀ 🎌","age":"13","time":"cf39cb6ceaf47f1d1bd0"},{"id":"6282135318497@s.whatsapp.net","name":"Max-X'treem","age":"12","time":"ab7cf747ec1a0583ab3c"},{"id":"6285385969702@s.whatsapp.net","name":"LAHH?","age":"15","time":"e717bb17d5f32b15e888"},{"id":"6281269519696@s.whatsapp.net","name":"mdf","age":"20","time":"a47e4d079280929c652b"},{"id":"6281333057819@s.whatsapp.net","name":"🚀","age":"19","time":"5e1fcc60dddc3835f6b0"},{"id":"6285212652393@s.whatsapp.net","name":"zam","age":"15","time":"6af4220ec24aea0481db"},{"id":"6285150687267@s.whatsapp.net","name":"Zeno Botz","age":"xzyyo,18","time":"7d5f30b58bdf31120393"},{"id":"6282297992036@s.whatsapp.net","name":"Fik","age":"20","time":"42d07861a3e23fe16807"},{"id":"6282259478293@s.whatsapp.net","name":"Viàn Empirè","age":"Vian,18","time":"46e8ad7fb0c12038e525"},{"id":"6285882054205@s.whatsapp.net","name":"Toyy","age":"mister,15","time":"13ecd0115dede568024a"},{"id":"6287769069190@s.whatsapp.net","name":"Lyney De Virelith","age":"12","time":"a740208e8ab7df7a6a80"},{"id":"6287872694634@s.whatsapp.net","name":"ꓘίᥲɳᥲᥲ, jevano's ᥕі𝖿ᥱ.","age":"18","time":"f9aa4f784201a2f63b1a"},{"id":"6285726020929@s.whatsapp.net","name":"https://ẉ.ceo/RixqzOffc","age":"20","time":"fa848eb4a4e0d9a229b9"},{"id":"6282185115255@s.whatsapp.net","name":"Fadhlul","age":"17","time":"f0f00879963799c6adeb"},{"id":"6283134213550@s.whatsapp.net","name":"aliilaid_","age":"18","time":"86c3851ca93b5b0f3e9a"},{"id":"6283167985811@s.whatsapp.net","name":"BOT 𝙆𝙄𝙉𝙓𝙕𝙕 || 𝔬𝔣𝔣𝔦𝔠𝔦𝔞𝔩","age":"18","time":"91f85638d3680139db9d"},{"id":"179431469535347@lid","name":"🥀","age":"17","time":"32dd62c23a97faae5fc9"},{"id":"6287840034259@s.whatsapp.net","name":"kang BUG","age":"20","time":"0e7992b6aaac94b14044"},{"id":"6283191763116@s.whatsapp.net","name":"Mi","age":"20","time":"5929dedef5867bf4194d"},{"id":"6281367253238@s.whatsapp.net","name":"Kinich Store, gk terima orderan setelah jam 10 mlm wib","age":"19","time":"40d2eaf9551939aa30bf"},{"id":"6281936051615@s.whatsapp.net","name":"pm2 start tian.js","age":"19","time":"0a7260769a666f9be0ea"},{"id":"601130534075@s.whatsapp.net","name":"『𝙁𝙪𝙧𝙞𝙣𝙖』","age":"14","time":"9fd31ef6d724b7b89984"},{"id":"62882021405906@s.whatsapp.net","name":"ipnuu","age":"19","time":"d6afbbd0762499cfe73e"},{"id":"6285830676569@s.whatsapp.net","name":"Not Human","age":"dulu","time":"d26ae1a8fde3a18135c4"},{"id":"62895606810703@s.whatsapp.net","name":"‍‍‍‍","age":"16","time":"4b1c65bc63e97592ad0c"},{"id":"60107717825@s.whatsapp.net","name":"Wanz Store","age":"wanz 19","time":"978ca0e919ad042d7098"},{"id":"6285831362680@s.whatsapp.net","name":"Bimo Surya Anggara","age":"17","time":"941329419f1c459c0084"},{"id":"2349159895444@s.whatsapp.net","name":"Precious Ayomide","age":"Prexzy","time":"1965638a82eb018e19e5"},{"id":"6283122563863@s.whatsapp.net","name":"͏","age":"20","time":"44741ce7a85ebbf38ca5"},{"id":"6283156964202@s.whatsapp.net","name":"Reyy, PA.ud.,T.K.,S.D.,S.Mp.,S.Mk.","age":"20","time":"6e5414ba44c7897b2be6"},{"id":"6285954613856@s.whatsapp.net","name":"Rara","age":"20","time":"6800011db6802357fd69"},{"id":"6288988504563@s.whatsapp.net","name":"Adit STARBOY","age":"18","time":"ec3b45dd0b86ab218286"},{"id":"6285236524407@s.whatsapp.net","name":"JUGGLER X AI MD","age":"15","time":"d51470bd4d5be466d242"},{"id":"6282143244106@s.whatsapp.net","name":"JEKY [4106]","age":"pp","time":"bd586aa2d39d2401a2af"},{"id":"5524998493952@s.whatsapp.net","name":"SIACRIO  </>","age":"20","time":"92adc3206b620e325709"},{"id":"6282310189719@s.whatsapp.net","name":"brillydbob","age":"20","time":"d558443906f68bb77889"},{"id":"6285337703510@s.whatsapp.net","name":"wiraaaaaaaaaaaaaaaaaaaaaa","age":"18","time":"19a64e382e7b8a1ef5e1"},{"id":"62895339185742@s.whatsapp.net","name":"Hànz Full Syntaxerror","age":"18","time":"689b569892870a81e20f"},{"id":"6281274961321@s.whatsapp.net","name":".","age":"hhhe 100","time":"76e63478356cbef13136"},{"id":"6285862753477@s.whatsapp.net","name":"AZURS STORE [3477]","age":"19","time":"6db31579661fcbb0f6b8"},{"id":"62882003428726@s.whatsapp.net","name":"Graa Store","age":"18","time":"f0eda1e6ffe1de9efb63"},{"id":"6288291330816@s.whatsapp.net","name":"ㅤㅤㅤ ㅤ ㅤㅤㅤㅤㅤ ㅤ     ㅤㅤㅤ ㅤ ㅤ","age":"14","time":"87c0471359f9233faa3a"},{"id":"62895366342277@s.whatsapp.net","name":"Fanz—SILENCE`₦Ø₮ĐɆV","age":"14","time":"ecee1e5dddbc2e8b4476"},{"id":"6282342067744@s.whatsapp.net","name":"#","age":"20","time":"ee2ba056aeec6e660135"},{"id":"6285646364726@s.whatsapp.net","name":"own bot april","age":"april,20","time":"3c3581b717e8aef8322f"},{"id":"6283171716843@s.whatsapp.net","name":"XS","age":"20","time":"078a4f26f1124f2e367c"},{"id":"628988228534@s.whatsapp.net","name":"lipz","age":"12","time":"5ef4e179036f6d7f51d0"},{"id":"6285123521413@s.whatsapp.net","name":"SAKUM DISINI PA","age":"grup asia gk bisa anjir","time":"e003bb09eb67b0d28842"},{"id":"6288213389202@s.whatsapp.net","name":"apa aja","age":"14","time":"5456943dd9c787fc508a"},{"id":"102551621996555@lid","name":"ky","age":"19","time":"14bd81fc210ca37e1b33"},{"id":"6288983583494@s.whatsapp.net","name":"Ranzz","age":"14","time":"17f06e7bd3c4794b05af"},{"id":"6285212716696@s.whatsapp.net","name":"Alif","age":"16","time":"c2642da5857aac95064e"},{"id":"6289516353968@s.whatsapp.net","name":"mal","age":"20","time":"55929dc274e1dcf16c13"},{"id":"6281390655891@s.whatsapp.net","name":"Fahrudin","age":"Asep 16","time":"240272525eb3f8cb7fe7"},{"id":"6283896264457@s.whatsapp.net","name":"オスカラ秒","age":"18","time":"3e3944f2a341e1039adb"},{"id":"62895329380761@s.whatsapp.net","name":"sword","age":"19","time":"b25c0062d8fe7c73efba"},{"id":"6281313010699@s.whatsapp.net","name":"r","age":"10","time":"62e6e0c0289c7c4672b3"},{"id":"6285800204107@s.whatsapp.net","name":"alfi","age":"19","time":"5168fee1af264ee3c606"},{"id":"6281292014884@s.whatsapp.net","name":".","age":"16","time":"ecd026395b2b377d9698"},{"id":"6289529571477@s.whatsapp.net","name":"ikyy software","age":"ayam,26","time":"8404ac1a088c09282d64"},{"id":"6283852808614@s.whatsapp.net","name":"FallZx Infinity Coderid","age":"19","time":"93a8de1d8d17338fe970"},{"id":"6285119732048@s.whatsapp.net","name":"Fall","age":"18","time":"f41297b1f6e5d8af4e7c"},{"id":"6287861436705@s.whatsapp.net","name":"ridzz","age":"20","time":"a3f0fead0b89c4246e30"},{"id":"6281389872231@s.whatsapp.net","name":"~ for sales nokos🫩","age":"put,21","time":"3fd70a126c6cd84865f7"},{"id":"6282124552140@s.whatsapp.net","name":"¡tsme_zarr★","age":"20","time":"b19d288d2ef6153331e0"},{"id":"6289529737500@s.whatsapp.net","name":"Madani.","age":"19","time":"12ba6a461d3ce7bb489f"},{"id":"62882000427719@s.whatsapp.net","name":"hm","age":"18","time":"bbe54524c1914c2618c9"},{"id":"6285716381346@s.whatsapp.net","name":"Rion Akao official","age":"aja mau","time":"ccbdf4ea1fce87948eaa"},{"id":"6281272808045@s.whatsapp.net","name":"Aster","age":"16","time":"6beadde70b21d72c7aeb"},{"id":"6281380621755@s.whatsapp.net","name":"ariaaa","age":" 18","time":"ee8ba4075ba101eebe53"},{"id":"62882006164047@s.whatsapp.net","name":"dzx","age":"18","time":"8224c788dc6964ce4b06"},{"id":"6283891569200@s.whatsapp.net","name":".","age":" 19","time":"edac189ee811854fdfcd"},{"id":"6283831787225@s.whatsapp.net","name":"kyw991","age":" 15","time":"b9deeba511823b0f4d48"},{"id":"6281649679375@s.whatsapp.net","name":"ImPeople","age":"17","time":"0c8f15261c4e5acaafc4"},{"id":"6281367397177@s.whatsapp.net","name":"Hazerd Azerd","age":"16","time":"db35ce596bc84e4005cf"},{"id":"6285755463350@s.whatsapp.net","name":"ngantyk","age":"*NEW USER* •───\n├⎆ *Status:* _*Success ✓*_\n├⎆ *Name:* Hazerd Azerd\n├⎆ *Umur:* 16\n\n⟢ *SN:* 7831fc7cb004c5dbf4dd\n\n⟢ 𝗗𝗮𝘁𝗲: 10/15/2025, 1:17:44 PM\n\n_Sekarang anda sudah bisa mengakses Furina MD_","time":"d4021e75f2fd37c89d10"},{"id":"6283851294680@s.whatsapp.net","name":"GILARADIFIRMANSYAH_8i_20","age":"20","time":"5ee46c0f8252e0a66a91"},{"id":"6289616343478@s.whatsapp.net","name":"fbry","age":"19","time":"a2fcdaaa20bedcbaf5d8"},{"id":"60178580051@s.whatsapp.net","name":".","age":"*NEW USER* •───\n├⎆ *Status:* _*Success ✓*_\n├⎆ *Name:* fbry\n├⎆ *Umur:* 19\n\n⟢ *SN:* 04d70741be2372835c34\n\n⟢ 𝗗𝗮𝘁𝗲: 10/15/2025, 1:19:47 PM\n\n_Sekarang anda sudah bisa mengakses Furina MD_","time":"d8ee397289732252e733"},{"id":"6288228897032@s.whatsapp.net","name":"𝕹𝕬𝕹𝕯𝕺𝕿𝕮𝕺𝕸","age":"daftar ranzz 16","time":"13f549df94f58e6431f2"},{"id":"6287777867584@s.whatsapp.net","name":"Im L","age":"*NEW USER* •───\n├⎆ *Status:* _*Success ✓*_\n├⎆ *Name:* 𝕹𝕬𝕹𝕯𝕺𝕿𝕮𝕺𝕸\n├⎆ *Umur:* daftar ranzz 16\n\n⟢ *SN:* 604a94af1db51d3f0c4c\n\n⟢ 𝗗𝗮𝘁𝗲: 10/15/2025, 2:36:55 PM\n\n_Sekarang anda sudah bisa mengakses Furina MD_","time":"9559f141933b29a7198e"},{"id":"6285166370226@s.whatsapp.net","name":"Ega azhari","age":"16","time":"9cad937b5fd5555ef4a7"},{"id":"6285881833502@s.whatsapp.net","name":"https://íd.co/YoishikiFeelwhos","age":"daftar Feel,18","time":"180b35784d1bfbf0be8b"},{"id":"628813019533@s.whatsapp.net","name":"reyyzenstore","age":"19","time":"1b34a1b2a27dbf8300ff"},{"id":"6289509976885@s.whatsapp.net","name":"THIS A CRAZY RICH 💸💰","age":"19","time":"08c8e54449d485fb50de"},{"id":"6289518434732@s.whatsapp.net","name":"K¹nk FatzxD","age":"fatzz","time":"4d1d93d1536b0c346a9b"},{"id":"6289602717930@s.whatsapp.net","name":"ꦾꦾꦾꦾꦾꦾꦾꦾꦾꦾꦾꦾꦾꦾꦾꦾꦾꦾꦾꦾꦾꦾꦾꦾꦾ","age":"13","time":"90220bf4b7caa51f29f7"},{"id":"6287796011506@s.whatsapp.net","name":"raaa`","age":"bot di masukin di GC 🤦","time":"7dc5514427e7ff7ed26e"},{"id":"6285836294630@s.whatsapp.net","name":"Pid","age":"20","time":"d672062dac1124e6b5ef"},{"id":"6285147164131@s.whatsapp.net","name":"zen 󱢏","age":"17","time":"5e7cd46041038c67e7fd"},{"id":"6288983965121@s.whatsapp.net","name":"Admin","age":"rezza 18","time":"75f3c6d65314be9fe22a"},{"id":"6288291151451@s.whatsapp.net","name":"Raez dah redup","age":"raez 20","time":"b8fdeaf27c1f65b10d89"},{"id":"628815890069@s.whatsapp.net","name":"Lín Ān Rán","age":"20","time":"d492074ae20166609a21"},{"id":"6285134640099@s.whatsapp.net","name":"revann","age":"20","time":"9e211fd925aa2dab258c"},{"id":"6281282674920@s.whatsapp.net","name":"Yandeeznutzz","age":"15","time":"765ba463ee74fe5ffc81"},{"id":"6282297282649@s.whatsapp.net","name":"David","age":"13","time":"3f2ea78aedc904307e21"},{"id":"6281359912727@s.whatsapp.net","name":"ㅤ","age":"14","time":"6957b514da3b0b21a58a"},{"id":"6283863401747@s.whatsapp.net","name":"ram m nya mie ayam😋🤭","age":"16","time":"8b9eadfd58b98fa3f1a6"},{"id":"6287755109373@s.whatsapp.net","name":"Jawjaofc","age":"19","time":"f47b84f9b2a6c515b5b7"},{"id":"6285974733987@s.whatsapp.net","name":"kepoin aja","age":" 15","time":"b4d3ef905b0492c8d341"},{"id":"6285608447978@s.whatsapp.net","name":"ʙʏ.....","age":"15","time":"6f70b967c41fc86dd322"},{"id":"6285189600392@s.whatsapp.net","name":"⏤͟͟͞͞ᴀꜱʜᴀᴀ?","age":"20","time":"b45128c583b16773278d"},{"id":"62882020339402@s.whatsapp.net","name":"ini zeny, kau? terserah🫩","age":"16","time":"f7e6e637acbac4c11c7c"},{"id":"6281234913734@s.whatsapp.net","name":"https://íd.co/FaridError","age":"17","time":"5e9dab8edb56399ccc40"},{"id":"62895704403389@s.whatsapp.net","name":"MYZF","age":"16","time":"27c1fa5743e96792f48b"},{"id":"6283123405940@s.whatsapp.net","name":"ZansPiwTdr3000","age":"18","time":"d3df6d752583bf1fe597"},{"id":"6287842912226@s.whatsapp.net","name":"why","age":"20","time":"1eb131bfb41a56202a77"},{"id":"6281260658886@s.whatsapp.net","name":"[OWNER]ARYA","age":"20","time":"0a69a6a8b50eff196afe"},{"id":"6283178857625@s.whatsapp.net","name":"ell /!\\","age":"15","time":"c030136202f67c461089"},{"id":"6282285973028@s.whatsapp.net","name":"</> Zero","age":"16","time":"1bcfc1f1501f825b3355"},{"id":"6285857144653@s.whatsapp.net","name":"al","age":"14","time":"8435f239307faa3b3505"},{"id":"6282261037945@s.whatsapp.net","name":"Tinn Eternal","age":"19","time":"7c15c675539720c7eff8"},{"id":"6281912402061@s.whatsapp.net","name":"mirr","age":"17","time":"690abdd80a196f2d8097"}]